name,type,direction,description
feat_000,float,,FARM molecule-level embedding dimension 000
feat_001,float,,FARM molecule-level embedding dimension 001
feat_002,float,,FARM molecule-level embedding dimension 002
feat_003,float,,FARM molecule-level embedding dimension 003
feat_004,float,,FARM molecule-level embedding dimension 004
feat_005,float,,FARM molecule-level embedding dimension 005
feat_006,float,,FARM molecule-level embedding dimension 006
feat_007,float,,FARM molecule-level embedding dimension 007
feat_008,float,,FARM molecule-level embedding dimension 008
feat_009,float,,FARM molecule-level embedding dimension 009
feat_010,float,,FARM molecule-level embedding dimension 010
feat_011,float,,FARM molecule-level embedding dimension 011
feat_012,float,,FARM molecule-level embedding dimension 012
feat_013,float,,FARM molecule-level embedding dimension 013
feat_014,float,,FARM molecule-level embedding dimension 014
feat_015,float,,FARM molecule-level embedding dimension 015
feat_016,float,,FARM molecule-level embedding dimension 016
feat_017,float,,FARM molecule-level embedding dimension 017
feat_018,float,,FARM molecule-level embedding dimension 018
feat_019,float,,FARM molecule-level embedding dimension 019
feat_020,float,,FARM molecule-level embedding dimension 020
feat_021,float,,FARM molecule-level embedding dimension 021
feat_022,float,,FARM molecule-level embedding dimension 022
feat_023,float,,FARM molecule-level embedding dimension 023
feat_024,float,,FARM molecule-level embedding dimension 024
feat_025,float,,FARM molecule-level embedding dimension 025
feat_026,float,,FARM molecule-level embedding dimension 026
feat_027,float,,FARM molecule-level embedding dimension 027
feat_028,float,,FARM molecule-level embedding dimension 028
feat_029,float,,FARM molecule-level embedding dimension 029
feat_030,float,,FARM molecule-level embedding dimension 030
feat_031,float,,FARM molecule-level embedding dimension 031
feat_032,float,,FARM molecule-level embedding dimension 032
feat_033,float,,FARM molecule-level embedding dimension 033
feat_034,float,,FARM molecule-level embedding dimension 034
feat_035,float,,FARM molecule-level embedding dimension 035
feat_036,float,,FARM molecule-level embedding dimension 036
feat_037,float,,FARM molecule-level embedding dimension 037
feat_038,float,,FARM molecule-level embedding dimension 038
feat_039,float,,FARM molecule-level embedding dimension 039
feat_040,float,,FARM molecule-level embedding dimension 040
feat_041,float,,FARM molecule-level embedding dimension 041
feat_042,float,,FARM molecule-level embedding dimension 042
feat_043,float,,FARM molecule-level embedding dimension 043
feat_044,float,,FARM molecule-level embedding dimension 044
feat_045,float,,FARM molecule-level embedding dimension 045
feat_046,float,,FARM molecule-level embedding dimension 046
feat_047,float,,FARM molecule-level embedding dimension 047
feat_048,float,,FARM molecule-level embedding dimension 048
feat_049,float,,FARM molecule-level embedding dimension 049
feat_050,float,,FARM molecule-level embedding dimension 050
feat_051,float,,FARM molecule-level embedding dimension 051
feat_052,float,,FARM molecule-level embedding dimension 052
feat_053,float,,FARM molecule-level embedding dimension 053
feat_054,float,,FARM molecule-level embedding dimension 054
feat_055,float,,FARM molecule-level embedding dimension 055
feat_056,float,,FARM molecule-level embedding dimension 056
feat_057,float,,FARM molecule-level embedding dimension 057
feat_058,float,,FARM molecule-level embedding dimension 058
feat_059,float,,FARM molecule-level embedding dimension 059
feat_060,float,,FARM molecule-level embedding dimension 060
feat_061,float,,FARM molecule-level embedding dimension 061
feat_062,float,,FARM molecule-level embedding dimension 062
feat_063,float,,FARM molecule-level embedding dimension 063
feat_064,float,,FARM molecule-level embedding dimension 064
feat_065,float,,FARM molecule-level embedding dimension 065
feat_066,float,,FARM molecule-level embedding dimension 066
feat_067,float,,FARM molecule-level embedding dimension 067
feat_068,float,,FARM molecule-level embedding dimension 068
feat_069,float,,FARM molecule-level embedding dimension 069
feat_070,float,,FARM molecule-level embedding dimension 070
feat_071,float,,FARM molecule-level embedding dimension 071
feat_072,float,,FARM molecule-level embedding dimension 072
feat_073,float,,FARM molecule-level embedding dimension 073
feat_074,float,,FARM molecule-level embedding dimension 074
feat_075,float,,FARM molecule-level embedding dimension 075
feat_076,float,,FARM molecule-level embedding dimension 076
feat_077,float,,FARM molecule-level embedding dimension 077
feat_078,float,,FARM molecule-level embedding dimension 078
feat_079,float,,FARM molecule-level embedding dimension 079
feat_080,float,,FARM molecule-level embedding dimension 080
feat_081,float,,FARM molecule-level embedding dimension 081
feat_082,float,,FARM molecule-level embedding dimension 082
feat_083,float,,FARM molecule-level embedding dimension 083
feat_084,float,,FARM molecule-level embedding dimension 084
feat_085,float,,FARM molecule-level embedding dimension 085
feat_086,float,,FARM molecule-level embedding dimension 086
feat_087,float,,FARM molecule-level embedding dimension 087
feat_088,float,,FARM molecule-level embedding dimension 088
feat_089,float,,FARM molecule-level embedding dimension 089
feat_090,float,,FARM molecule-level embedding dimension 090
feat_091,float,,FARM molecule-level embedding dimension 091
feat_092,float,,FARM molecule-level embedding dimension 092
feat_093,float,,FARM molecule-level embedding dimension 093
feat_094,float,,FARM molecule-level embedding dimension 094
feat_095,float,,FARM molecule-level embedding dimension 095
feat_096,float,,FARM molecule-level embedding dimension 096
feat_097,float,,FARM molecule-level embedding dimension 097
feat_098,float,,FARM molecule-level embedding dimension 098
feat_099,float,,FARM molecule-level embedding dimension 099
feat_100,float,,FARM molecule-level embedding dimension 100
feat_101,float,,FARM molecule-level embedding dimension 101
feat_102,float,,FARM molecule-level embedding dimension 102
feat_103,float,,FARM molecule-level embedding dimension 103
feat_104,float,,FARM molecule-level embedding dimension 104
feat_105,float,,FARM molecule-level embedding dimension 105
feat_106,float,,FARM molecule-level embedding dimension 106
feat_107,float,,FARM molecule-level embedding dimension 107
feat_108,float,,FARM molecule-level embedding dimension 108
feat_109,float,,FARM molecule-level embedding dimension 109
feat_110,float,,FARM molecule-level embedding dimension 110
feat_111,float,,FARM molecule-level embedding dimension 111
feat_112,float,,FARM molecule-level embedding dimension 112
feat_113,float,,FARM molecule-level embedding dimension 113
feat_114,float,,FARM molecule-level embedding dimension 114
feat_115,float,,FARM molecule-level embedding dimension 115
feat_116,float,,FARM molecule-level embedding dimension 116
feat_117,float,,FARM molecule-level embedding dimension 117
feat_118,float,,FARM molecule-level embedding dimension 118
feat_119,float,,FARM molecule-level embedding dimension 119
feat_120,float,,FARM molecule-level embedding dimension 120
feat_121,float,,FARM molecule-level embedding dimension 121
feat_122,float,,FARM molecule-level embedding dimension 122
feat_123,float,,FARM molecule-level embedding dimension 123
feat_124,float,,FARM molecule-level embedding dimension 124
feat_125,float,,FARM molecule-level embedding dimension 125
feat_126,float,,FARM molecule-level embedding dimension 126
feat_127,float,,FARM molecule-level embedding dimension 127
feat_128,float,,FARM molecule-level embedding dimension 128
feat_129,float,,FARM molecule-level embedding dimension 129
feat_130,float,,FARM molecule-level embedding dimension 130
feat_131,float,,FARM molecule-level embedding dimension 131
feat_132,float,,FARM molecule-level embedding dimension 132
feat_133,float,,FARM molecule-level embedding dimension 133
feat_134,float,,FARM molecule-level embedding dimension 134
feat_135,float,,FARM molecule-level embedding dimension 135
feat_136,float,,FARM molecule-level embedding dimension 136
feat_137,float,,FARM molecule-level embedding dimension 137
feat_138,float,,FARM molecule-level embedding dimension 138
feat_139,float,,FARM molecule-level embedding dimension 139
feat_140,float,,FARM molecule-level embedding dimension 140
feat_141,float,,FARM molecule-level embedding dimension 141
feat_142,float,,FARM molecule-level embedding dimension 142
feat_143,float,,FARM molecule-level embedding dimension 143
feat_144,float,,FARM molecule-level embedding dimension 144
feat_145,float,,FARM molecule-level embedding dimension 145
feat_146,float,,FARM molecule-level embedding dimension 146
feat_147,float,,FARM molecule-level embedding dimension 147
feat_148,float,,FARM molecule-level embedding dimension 148
feat_149,float,,FARM molecule-level embedding dimension 149
feat_150,float,,FARM molecule-level embedding dimension 150
feat_151,float,,FARM molecule-level embedding dimension 151
feat_152,float,,FARM molecule-level embedding dimension 152
feat_153,float,,FARM molecule-level embedding dimension 153
feat_154,float,,FARM molecule-level embedding dimension 154
feat_155,float,,FARM molecule-level embedding dimension 155
feat_156,float,,FARM molecule-level embedding dimension 156
feat_157,float,,FARM molecule-level embedding dimension 157
feat_158,float,,FARM molecule-level embedding dimension 158
feat_159,float,,FARM molecule-level embedding dimension 159
feat_160,float,,FARM molecule-level embedding dimension 160
feat_161,float,,FARM molecule-level embedding dimension 161
feat_162,float,,FARM molecule-level embedding dimension 162
feat_163,float,,FARM molecule-level embedding dimension 163
feat_164,float,,FARM molecule-level embedding dimension 164
feat_165,float,,FARM molecule-level embedding dimension 165
feat_166,float,,FARM molecule-level embedding dimension 166
feat_167,float,,FARM molecule-level embedding dimension 167
feat_168,float,,FARM molecule-level embedding dimension 168
feat_169,float,,FARM molecule-level embedding dimension 169
feat_170,float,,FARM molecule-level embedding dimension 170
feat_171,float,,FARM molecule-level embedding dimension 171
feat_172,float,,FARM molecule-level embedding dimension 172
feat_173,float,,FARM molecule-level embedding dimension 173
feat_174,float,,FARM molecule-level embedding dimension 174
feat_175,float,,FARM molecule-level embedding dimension 175
feat_176,float,,FARM molecule-level embedding dimension 176
feat_177,float,,FARM molecule-level embedding dimension 177
feat_178,float,,FARM molecule-level embedding dimension 178
feat_179,float,,FARM molecule-level embedding dimension 179
feat_180,float,,FARM molecule-level embedding dimension 180
feat_181,float,,FARM molecule-level embedding dimension 181
feat_182,float,,FARM molecule-level embedding dimension 182
feat_183,float,,FARM molecule-level embedding dimension 183
feat_184,float,,FARM molecule-level embedding dimension 184
feat_185,float,,FARM molecule-level embedding dimension 185
feat_186,float,,FARM molecule-level embedding dimension 186
feat_187,float,,FARM molecule-level embedding dimension 187
feat_188,float,,FARM molecule-level embedding dimension 188
feat_189,float,,FARM molecule-level embedding dimension 189
feat_190,float,,FARM molecule-level embedding dimension 190
feat_191,float,,FARM molecule-level embedding dimension 191
feat_192,float,,FARM molecule-level embedding dimension 192
feat_193,float,,FARM molecule-level embedding dimension 193
feat_194,float,,FARM molecule-level embedding dimension 194
feat_195,float,,FARM molecule-level embedding dimension 195
feat_196,float,,FARM molecule-level embedding dimension 196
feat_197,float,,FARM molecule-level embedding dimension 197
feat_198,float,,FARM molecule-level embedding dimension 198
feat_199,float,,FARM molecule-level embedding dimension 199
feat_200,float,,FARM molecule-level embedding dimension 200
feat_201,float,,FARM molecule-level embedding dimension 201
feat_202,float,,FARM molecule-level embedding dimension 202
feat_203,float,,FARM molecule-level embedding dimension 203
feat_204,float,,FARM molecule-level embedding dimension 204
feat_205,float,,FARM molecule-level embedding dimension 205
feat_206,float,,FARM molecule-level embedding dimension 206
feat_207,float,,FARM molecule-level embedding dimension 207
feat_208,float,,FARM molecule-level embedding dimension 208
feat_209,float,,FARM molecule-level embedding dimension 209
feat_210,float,,FARM molecule-level embedding dimension 210
feat_211,float,,FARM molecule-level embedding dimension 211
feat_212,float,,FARM molecule-level embedding dimension 212
feat_213,float,,FARM molecule-level embedding dimension 213
feat_214,float,,FARM molecule-level embedding dimension 214
feat_215,float,,FARM molecule-level embedding dimension 215
feat_216,float,,FARM molecule-level embedding dimension 216
feat_217,float,,FARM molecule-level embedding dimension 217
feat_218,float,,FARM molecule-level embedding dimension 218
feat_219,float,,FARM molecule-level embedding dimension 219
feat_220,float,,FARM molecule-level embedding dimension 220
feat_221,float,,FARM molecule-level embedding dimension 221
feat_222,float,,FARM molecule-level embedding dimension 222
feat_223,float,,FARM molecule-level embedding dimension 223
feat_224,float,,FARM molecule-level embedding dimension 224
feat_225,float,,FARM molecule-level embedding dimension 225
feat_226,float,,FARM molecule-level embedding dimension 226
feat_227,float,,FARM molecule-level embedding dimension 227
feat_228,float,,FARM molecule-level embedding dimension 228
feat_229,float,,FARM molecule-level embedding dimension 229
feat_230,float,,FARM molecule-level embedding dimension 230
feat_231,float,,FARM molecule-level embedding dimension 231
feat_232,float,,FARM molecule-level embedding dimension 232
feat_233,float,,FARM molecule-level embedding dimension 233
feat_234,float,,FARM molecule-level embedding dimension 234
feat_235,float,,FARM molecule-level embedding dimension 235
feat_236,float,,FARM molecule-level embedding dimension 236
feat_237,float,,FARM molecule-level embedding dimension 237
feat_238,float,,FARM molecule-level embedding dimension 238
feat_239,float,,FARM molecule-level embedding dimension 239
feat_240,float,,FARM molecule-level embedding dimension 240
feat_241,float,,FARM molecule-level embedding dimension 241
feat_242,float,,FARM molecule-level embedding dimension 242
feat_243,float,,FARM molecule-level embedding dimension 243
feat_244,float,,FARM molecule-level embedding dimension 244
feat_245,float,,FARM molecule-level embedding dimension 245
feat_246,float,,FARM molecule-level embedding dimension 246
feat_247,float,,FARM molecule-level embedding dimension 247
feat_248,float,,FARM molecule-level embedding dimension 248
feat_249,float,,FARM molecule-level embedding dimension 249
feat_250,float,,FARM molecule-level embedding dimension 250
feat_251,float,,FARM molecule-level embedding dimension 251
feat_252,float,,FARM molecule-level embedding dimension 252
feat_253,float,,FARM molecule-level embedding dimension 253
feat_254,float,,FARM molecule-level embedding dimension 254
feat_255,float,,FARM molecule-level embedding dimension 255
feat_256,float,,FARM molecule-level embedding dimension 256
feat_257,float,,FARM molecule-level embedding dimension 257
feat_258,float,,FARM molecule-level embedding dimension 258
feat_259,float,,FARM molecule-level embedding dimension 259
feat_260,float,,FARM molecule-level embedding dimension 260
feat_261,float,,FARM molecule-level embedding dimension 261
feat_262,float,,FARM molecule-level embedding dimension 262
feat_263,float,,FARM molecule-level embedding dimension 263
feat_264,float,,FARM molecule-level embedding dimension 264
feat_265,float,,FARM molecule-level embedding dimension 265
feat_266,float,,FARM molecule-level embedding dimension 266
feat_267,float,,FARM molecule-level embedding dimension 267
feat_268,float,,FARM molecule-level embedding dimension 268
feat_269,float,,FARM molecule-level embedding dimension 269
feat_270,float,,FARM molecule-level embedding dimension 270
feat_271,float,,FARM molecule-level embedding dimension 271
feat_272,float,,FARM molecule-level embedding dimension 272
feat_273,float,,FARM molecule-level embedding dimension 273
feat_274,float,,FARM molecule-level embedding dimension 274
feat_275,float,,FARM molecule-level embedding dimension 275
feat_276,float,,FARM molecule-level embedding dimension 276
feat_277,float,,FARM molecule-level embedding dimension 277
feat_278,float,,FARM molecule-level embedding dimension 278
feat_279,float,,FARM molecule-level embedding dimension 279
feat_280,float,,FARM molecule-level embedding dimension 280
feat_281,float,,FARM molecule-level embedding dimension 281
feat_282,float,,FARM molecule-level embedding dimension 282
feat_283,float,,FARM molecule-level embedding dimension 283
feat_284,float,,FARM molecule-level embedding dimension 284
feat_285,float,,FARM molecule-level embedding dimension 285
feat_286,float,,FARM molecule-level embedding dimension 286
feat_287,float,,FARM molecule-level embedding dimension 287
feat_288,float,,FARM molecule-level embedding dimension 288
feat_289,float,,FARM molecule-level embedding dimension 289
feat_290,float,,FARM molecule-level embedding dimension 290
feat_291,float,,FARM molecule-level embedding dimension 291
feat_292,float,,FARM molecule-level embedding dimension 292
feat_293,float,,FARM molecule-level embedding dimension 293
feat_294,float,,FARM molecule-level embedding dimension 294
feat_295,float,,FARM molecule-level embedding dimension 295
feat_296,float,,FARM molecule-level embedding dimension 296
feat_297,float,,FARM molecule-level embedding dimension 297
feat_298,float,,FARM molecule-level embedding dimension 298
feat_299,float,,FARM molecule-level embedding dimension 299
feat_300,float,,FARM molecule-level embedding dimension 300
feat_301,float,,FARM molecule-level embedding dimension 301
feat_302,float,,FARM molecule-level embedding dimension 302
feat_303,float,,FARM molecule-level embedding dimension 303
feat_304,float,,FARM molecule-level embedding dimension 304
feat_305,float,,FARM molecule-level embedding dimension 305
feat_306,float,,FARM molecule-level embedding dimension 306
feat_307,float,,FARM molecule-level embedding dimension 307
feat_308,float,,FARM molecule-level embedding dimension 308
feat_309,float,,FARM molecule-level embedding dimension 309
feat_310,float,,FARM molecule-level embedding dimension 310
feat_311,float,,FARM molecule-level embedding dimension 311
feat_312,float,,FARM molecule-level embedding dimension 312
feat_313,float,,FARM molecule-level embedding dimension 313
feat_314,float,,FARM molecule-level embedding dimension 314
feat_315,float,,FARM molecule-level embedding dimension 315
feat_316,float,,FARM molecule-level embedding dimension 316
feat_317,float,,FARM molecule-level embedding dimension 317
feat_318,float,,FARM molecule-level embedding dimension 318
feat_319,float,,FARM molecule-level embedding dimension 319
feat_320,float,,FARM molecule-level embedding dimension 320
feat_321,float,,FARM molecule-level embedding dimension 321
feat_322,float,,FARM molecule-level embedding dimension 322
feat_323,float,,FARM molecule-level embedding dimension 323
feat_324,float,,FARM molecule-level embedding dimension 324
feat_325,float,,FARM molecule-level embedding dimension 325
feat_326,float,,FARM molecule-level embedding dimension 326
feat_327,float,,FARM molecule-level embedding dimension 327
feat_328,float,,FARM molecule-level embedding dimension 328
feat_329,float,,FARM molecule-level embedding dimension 329
feat_330,float,,FARM molecule-level embedding dimension 330
feat_331,float,,FARM molecule-level embedding dimension 331
feat_332,float,,FARM molecule-level embedding dimension 332
feat_333,float,,FARM molecule-level embedding dimension 333
feat_334,float,,FARM molecule-level embedding dimension 334
feat_335,float,,FARM molecule-level embedding dimension 335
feat_336,float,,FARM molecule-level embedding dimension 336
feat_337,float,,FARM molecule-level embedding dimension 337
feat_338,float,,FARM molecule-level embedding dimension 338
feat_339,float,,FARM molecule-level embedding dimension 339
feat_340,float,,FARM molecule-level embedding dimension 340
feat_341,float,,FARM molecule-level embedding dimension 341
feat_342,float,,FARM molecule-level embedding dimension 342
feat_343,float,,FARM molecule-level embedding dimension 343
feat_344,float,,FARM molecule-level embedding dimension 344
feat_345,float,,FARM molecule-level embedding dimension 345
feat_346,float,,FARM molecule-level embedding dimension 346
feat_347,float,,FARM molecule-level embedding dimension 347
feat_348,float,,FARM molecule-level embedding dimension 348
feat_349,float,,FARM molecule-level embedding dimension 349
feat_350,float,,FARM molecule-level embedding dimension 350
feat_351,float,,FARM molecule-level embedding dimension 351
feat_352,float,,FARM molecule-level embedding dimension 352
feat_353,float,,FARM molecule-level embedding dimension 353
feat_354,float,,FARM molecule-level embedding dimension 354
feat_355,float,,FARM molecule-level embedding dimension 355
feat_356,float,,FARM molecule-level embedding dimension 356
feat_357,float,,FARM molecule-level embedding dimension 357
feat_358,float,,FARM molecule-level embedding dimension 358
feat_359,float,,FARM molecule-level embedding dimension 359
feat_360,float,,FARM molecule-level embedding dimension 360
feat_361,float,,FARM molecule-level embedding dimension 361
feat_362,float,,FARM molecule-level embedding dimension 362
feat_363,float,,FARM molecule-level embedding dimension 363
feat_364,float,,FARM molecule-level embedding dimension 364
feat_365,float,,FARM molecule-level embedding dimension 365
feat_366,float,,FARM molecule-level embedding dimension 366
feat_367,float,,FARM molecule-level embedding dimension 367
feat_368,float,,FARM molecule-level embedding dimension 368
feat_369,float,,FARM molecule-level embedding dimension 369
feat_370,float,,FARM molecule-level embedding dimension 370
feat_371,float,,FARM molecule-level embedding dimension 371
feat_372,float,,FARM molecule-level embedding dimension 372
feat_373,float,,FARM molecule-level embedding dimension 373
feat_374,float,,FARM molecule-level embedding dimension 374
feat_375,float,,FARM molecule-level embedding dimension 375
feat_376,float,,FARM molecule-level embedding dimension 376
feat_377,float,,FARM molecule-level embedding dimension 377
feat_378,float,,FARM molecule-level embedding dimension 378
feat_379,float,,FARM molecule-level embedding dimension 379
feat_380,float,,FARM molecule-level embedding dimension 380
feat_381,float,,FARM molecule-level embedding dimension 381
feat_382,float,,FARM molecule-level embedding dimension 382
feat_383,float,,FARM molecule-level embedding dimension 383
feat_384,float,,FARM molecule-level embedding dimension 384
feat_385,float,,FARM molecule-level embedding dimension 385
feat_386,float,,FARM molecule-level embedding dimension 386
feat_387,float,,FARM molecule-level embedding dimension 387
feat_388,float,,FARM molecule-level embedding dimension 388
feat_389,float,,FARM molecule-level embedding dimension 389
feat_390,float,,FARM molecule-level embedding dimension 390
feat_391,float,,FARM molecule-level embedding dimension 391
feat_392,float,,FARM molecule-level embedding dimension 392
feat_393,float,,FARM molecule-level embedding dimension 393
feat_394,float,,FARM molecule-level embedding dimension 394
feat_395,float,,FARM molecule-level embedding dimension 395
feat_396,float,,FARM molecule-level embedding dimension 396
feat_397,float,,FARM molecule-level embedding dimension 397
feat_398,float,,FARM molecule-level embedding dimension 398
feat_399,float,,FARM molecule-level embedding dimension 399
feat_400,float,,FARM molecule-level embedding dimension 400
feat_401,float,,FARM molecule-level embedding dimension 401
feat_402,float,,FARM molecule-level embedding dimension 402
feat_403,float,,FARM molecule-level embedding dimension 403
feat_404,float,,FARM molecule-level embedding dimension 404
feat_405,float,,FARM molecule-level embedding dimension 405
feat_406,float,,FARM molecule-level embedding dimension 406
feat_407,float,,FARM molecule-level embedding dimension 407
feat_408,float,,FARM molecule-level embedding dimension 408
feat_409,float,,FARM molecule-level embedding dimension 409
feat_410,float,,FARM molecule-level embedding dimension 410
feat_411,float,,FARM molecule-level embedding dimension 411
feat_412,float,,FARM molecule-level embedding dimension 412
feat_413,float,,FARM molecule-level embedding dimension 413
feat_414,float,,FARM molecule-level embedding dimension 414
feat_415,float,,FARM molecule-level embedding dimension 415
feat_416,float,,FARM molecule-level embedding dimension 416
feat_417,float,,FARM molecule-level embedding dimension 417
feat_418,float,,FARM molecule-level embedding dimension 418
feat_419,float,,FARM molecule-level embedding dimension 419
feat_420,float,,FARM molecule-level embedding dimension 420
feat_421,float,,FARM molecule-level embedding dimension 421
feat_422,float,,FARM molecule-level embedding dimension 422
feat_423,float,,FARM molecule-level embedding dimension 423
feat_424,float,,FARM molecule-level embedding dimension 424
feat_425,float,,FARM molecule-level embedding dimension 425
feat_426,float,,FARM molecule-level embedding dimension 426
feat_427,float,,FARM molecule-level embedding dimension 427
feat_428,float,,FARM molecule-level embedding dimension 428
feat_429,float,,FARM molecule-level embedding dimension 429
feat_430,float,,FARM molecule-level embedding dimension 430
feat_431,float,,FARM molecule-level embedding dimension 431
feat_432,float,,FARM molecule-level embedding dimension 432
feat_433,float,,FARM molecule-level embedding dimension 433
feat_434,float,,FARM molecule-level embedding dimension 434
feat_435,float,,FARM molecule-level embedding dimension 435
feat_436,float,,FARM molecule-level embedding dimension 436
feat_437,float,,FARM molecule-level embedding dimension 437
feat_438,float,,FARM molecule-level embedding dimension 438
feat_439,float,,FARM molecule-level embedding dimension 439
feat_440,float,,FARM molecule-level embedding dimension 440
feat_441,float,,FARM molecule-level embedding dimension 441
feat_442,float,,FARM molecule-level embedding dimension 442
feat_443,float,,FARM molecule-level embedding dimension 443
feat_444,float,,FARM molecule-level embedding dimension 444
feat_445,float,,FARM molecule-level embedding dimension 445
feat_446,float,,FARM molecule-level embedding dimension 446
feat_447,float,,FARM molecule-level embedding dimension 447
feat_448,float,,FARM molecule-level embedding dimension 448
feat_449,float,,FARM molecule-level embedding dimension 449
feat_450,float,,FARM molecule-level embedding dimension 450
feat_451,float,,FARM molecule-level embedding dimension 451
feat_452,float,,FARM molecule-level embedding dimension 452
feat_453,float,,FARM molecule-level embedding dimension 453
feat_454,float,,FARM molecule-level embedding dimension 454
feat_455,float,,FARM molecule-level embedding dimension 455
feat_456,float,,FARM molecule-level embedding dimension 456
feat_457,float,,FARM molecule-level embedding dimension 457
feat_458,float,,FARM molecule-level embedding dimension 458
feat_459,float,,FARM molecule-level embedding dimension 459
feat_460,float,,FARM molecule-level embedding dimension 460
feat_461,float,,FARM molecule-level embedding dimension 461
feat_462,float,,FARM molecule-level embedding dimension 462
feat_463,float,,FARM molecule-level embedding dimension 463
feat_464,float,,FARM molecule-level embedding dimension 464
feat_465,float,,FARM molecule-level embedding dimension 465
feat_466,float,,FARM molecule-level embedding dimension 466
feat_467,float,,FARM molecule-level embedding dimension 467
feat_468,float,,FARM molecule-level embedding dimension 468
feat_469,float,,FARM molecule-level embedding dimension 469
feat_470,float,,FARM molecule-level embedding dimension 470
feat_471,float,,FARM molecule-level embedding dimension 471
feat_472,float,,FARM molecule-level embedding dimension 472
feat_473,float,,FARM molecule-level embedding dimension 473
feat_474,float,,FARM molecule-level embedding dimension 474
feat_475,float,,FARM molecule-level embedding dimension 475
feat_476,float,,FARM molecule-level embedding dimension 476
feat_477,float,,FARM molecule-level embedding dimension 477
feat_478,float,,FARM molecule-level embedding dimension 478
feat_479,float,,FARM molecule-level embedding dimension 479
feat_480,float,,FARM molecule-level embedding dimension 480
feat_481,float,,FARM molecule-level embedding dimension 481
feat_482,float,,FARM molecule-level embedding dimension 482
feat_483,float,,FARM molecule-level embedding dimension 483
feat_484,float,,FARM molecule-level embedding dimension 484
feat_485,float,,FARM molecule-level embedding dimension 485
feat_486,float,,FARM molecule-level embedding dimension 486
feat_487,float,,FARM molecule-level embedding dimension 487
feat_488,float,,FARM molecule-level embedding dimension 488
feat_489,float,,FARM molecule-level embedding dimension 489
feat_490,float,,FARM molecule-level embedding dimension 490
feat_491,float,,FARM molecule-level embedding dimension 491
feat_492,float,,FARM molecule-level embedding dimension 492
feat_493,float,,FARM molecule-level embedding dimension 493
feat_494,float,,FARM molecule-level embedding dimension 494
feat_495,float,,FARM molecule-level embedding dimension 495
feat_496,float,,FARM molecule-level embedding dimension 496
feat_497,float,,FARM molecule-level embedding dimension 497
feat_498,float,,FARM molecule-level embedding dimension 498
feat_499,float,,FARM molecule-level embedding dimension 499
feat_500,float,,FARM molecule-level embedding dimension 500
feat_501,float,,FARM molecule-level embedding dimension 501
feat_502,float,,FARM molecule-level embedding dimension 502
feat_503,float,,FARM molecule-level embedding dimension 503
feat_504,float,,FARM molecule-level embedding dimension 504
feat_505,float,,FARM molecule-level embedding dimension 505
feat_506,float,,FARM molecule-level embedding dimension 506
feat_507,float,,FARM molecule-level embedding dimension 507
feat_508,float,,FARM molecule-level embedding dimension 508
feat_509,float,,FARM molecule-level embedding dimension 509
feat_510,float,,FARM molecule-level embedding dimension 510
feat_511,float,,FARM molecule-level embedding dimension 511
feat_512,float,,FARM molecule-level embedding dimension 512
feat_513,float,,FARM molecule-level embedding dimension 513
feat_514,float,,FARM molecule-level embedding dimension 514
feat_515,float,,FARM molecule-level embedding dimension 515
feat_516,float,,FARM molecule-level embedding dimension 516
feat_517,float,,FARM molecule-level embedding dimension 517
feat_518,float,,FARM molecule-level embedding dimension 518
feat_519,float,,FARM molecule-level embedding dimension 519
feat_520,float,,FARM molecule-level embedding dimension 520
feat_521,float,,FARM molecule-level embedding dimension 521
feat_522,float,,FARM molecule-level embedding dimension 522
feat_523,float,,FARM molecule-level embedding dimension 523
feat_524,float,,FARM molecule-level embedding dimension 524
feat_525,float,,FARM molecule-level embedding dimension 525
feat_526,float,,FARM molecule-level embedding dimension 526
feat_527,float,,FARM molecule-level embedding dimension 527
feat_528,float,,FARM molecule-level embedding dimension 528
feat_529,float,,FARM molecule-level embedding dimension 529
feat_530,float,,FARM molecule-level embedding dimension 530
feat_531,float,,FARM molecule-level embedding dimension 531
feat_532,float,,FARM molecule-level embedding dimension 532
feat_533,float,,FARM molecule-level embedding dimension 533
feat_534,float,,FARM molecule-level embedding dimension 534
feat_535,float,,FARM molecule-level embedding dimension 535
feat_536,float,,FARM molecule-level embedding dimension 536
feat_537,float,,FARM molecule-level embedding dimension 537
feat_538,float,,FARM molecule-level embedding dimension 538
feat_539,float,,FARM molecule-level embedding dimension 539
feat_540,float,,FARM molecule-level embedding dimension 540
feat_541,float,,FARM molecule-level embedding dimension 541
feat_542,float,,FARM molecule-level embedding dimension 542
feat_543,float,,FARM molecule-level embedding dimension 543
feat_544,float,,FARM molecule-level embedding dimension 544
feat_545,float,,FARM molecule-level embedding dimension 545
feat_546,float,,FARM molecule-level embedding dimension 546
feat_547,float,,FARM molecule-level embedding dimension 547
feat_548,float,,FARM molecule-level embedding dimension 548
feat_549,float,,FARM molecule-level embedding dimension 549
feat_550,float,,FARM molecule-level embedding dimension 550
feat_551,float,,FARM molecule-level embedding dimension 551
feat_552,float,,FARM molecule-level embedding dimension 552
feat_553,float,,FARM molecule-level embedding dimension 553
feat_554,float,,FARM molecule-level embedding dimension 554
feat_555,float,,FARM molecule-level embedding dimension 555
feat_556,float,,FARM molecule-level embedding dimension 556
feat_557,float,,FARM molecule-level embedding dimension 557
feat_558,float,,FARM molecule-level embedding dimension 558
feat_559,float,,FARM molecule-level embedding dimension 559
feat_560,float,,FARM molecule-level embedding dimension 560
feat_561,float,,FARM molecule-level embedding dimension 561
feat_562,float,,FARM molecule-level embedding dimension 562
feat_563,float,,FARM molecule-level embedding dimension 563
feat_564,float,,FARM molecule-level embedding dimension 564
feat_565,float,,FARM molecule-level embedding dimension 565
feat_566,float,,FARM molecule-level embedding dimension 566
feat_567,float,,FARM molecule-level embedding dimension 567
feat_568,float,,FARM molecule-level embedding dimension 568
feat_569,float,,FARM molecule-level embedding dimension 569
feat_570,float,,FARM molecule-level embedding dimension 570
feat_571,float,,FARM molecule-level embedding dimension 571
feat_572,float,,FARM molecule-level embedding dimension 572
feat_573,float,,FARM molecule-level embedding dimension 573
feat_574,float,,FARM molecule-level embedding dimension 574
feat_575,float,,FARM molecule-level embedding dimension 575
feat_576,float,,FARM molecule-level embedding dimension 576
feat_577,float,,FARM molecule-level embedding dimension 577
feat_578,float,,FARM molecule-level embedding dimension 578
feat_579,float,,FARM molecule-level embedding dimension 579
feat_580,float,,FARM molecule-level embedding dimension 580
feat_581,float,,FARM molecule-level embedding dimension 581
feat_582,float,,FARM molecule-level embedding dimension 582
feat_583,float,,FARM molecule-level embedding dimension 583
feat_584,float,,FARM molecule-level embedding dimension 584
feat_585,float,,FARM molecule-level embedding dimension 585
feat_586,float,,FARM molecule-level embedding dimension 586
feat_587,float,,FARM molecule-level embedding dimension 587
feat_588,float,,FARM molecule-level embedding dimension 588
feat_589,float,,FARM molecule-level embedding dimension 589
feat_590,float,,FARM molecule-level embedding dimension 590
feat_591,float,,FARM molecule-level embedding dimension 591
feat_592,float,,FARM molecule-level embedding dimension 592
feat_593,float,,FARM molecule-level embedding dimension 593
feat_594,float,,FARM molecule-level embedding dimension 594
feat_595,float,,FARM molecule-level embedding dimension 595
feat_596,float,,FARM molecule-level embedding dimension 596
feat_597,float,,FARM molecule-level embedding dimension 597
feat_598,float,,FARM molecule-level embedding dimension 598
feat_599,float,,FARM molecule-level embedding dimension 599
feat_600,float,,FARM molecule-level embedding dimension 600
feat_601,float,,FARM molecule-level embedding dimension 601
feat_602,float,,FARM molecule-level embedding dimension 602
feat_603,float,,FARM molecule-level embedding dimension 603
feat_604,float,,FARM molecule-level embedding dimension 604
feat_605,float,,FARM molecule-level embedding dimension 605
feat_606,float,,FARM molecule-level embedding dimension 606
feat_607,float,,FARM molecule-level embedding dimension 607
feat_608,float,,FARM molecule-level embedding dimension 608
feat_609,float,,FARM molecule-level embedding dimension 609
feat_610,float,,FARM molecule-level embedding dimension 610
feat_611,float,,FARM molecule-level embedding dimension 611
feat_612,float,,FARM molecule-level embedding dimension 612
feat_613,float,,FARM molecule-level embedding dimension 613
feat_614,float,,FARM molecule-level embedding dimension 614
feat_615,float,,FARM molecule-level embedding dimension 615
feat_616,float,,FARM molecule-level embedding dimension 616
feat_617,float,,FARM molecule-level embedding dimension 617
feat_618,float,,FARM molecule-level embedding dimension 618
feat_619,float,,FARM molecule-level embedding dimension 619
feat_620,float,,FARM molecule-level embedding dimension 620
feat_621,float,,FARM molecule-level embedding dimension 621
feat_622,float,,FARM molecule-level embedding dimension 622
feat_623,float,,FARM molecule-level embedding dimension 623
feat_624,float,,FARM molecule-level embedding dimension 624
feat_625,float,,FARM molecule-level embedding dimension 625
feat_626,float,,FARM molecule-level embedding dimension 626
feat_627,float,,FARM molecule-level embedding dimension 627
feat_628,float,,FARM molecule-level embedding dimension 628
feat_629,float,,FARM molecule-level embedding dimension 629
feat_630,float,,FARM molecule-level embedding dimension 630
feat_631,float,,FARM molecule-level embedding dimension 631
feat_632,float,,FARM molecule-level embedding dimension 632
feat_633,float,,FARM molecule-level embedding dimension 633
feat_634,float,,FARM molecule-level embedding dimension 634
feat_635,float,,FARM molecule-level embedding dimension 635
feat_636,float,,FARM molecule-level embedding dimension 636
feat_637,float,,FARM molecule-level embedding dimension 637
feat_638,float,,FARM molecule-level embedding dimension 638
feat_639,float,,FARM molecule-level embedding dimension 639
feat_640,float,,FARM molecule-level embedding dimension 640
feat_641,float,,FARM molecule-level embedding dimension 641
feat_642,float,,FARM molecule-level embedding dimension 642
feat_643,float,,FARM molecule-level embedding dimension 643
feat_644,float,,FARM molecule-level embedding dimension 644
feat_645,float,,FARM molecule-level embedding dimension 645
feat_646,float,,FARM molecule-level embedding dimension 646
feat_647,float,,FARM molecule-level embedding dimension 647
feat_648,float,,FARM molecule-level embedding dimension 648
feat_649,float,,FARM molecule-level embedding dimension 649
feat_650,float,,FARM molecule-level embedding dimension 650
feat_651,float,,FARM molecule-level embedding dimension 651
feat_652,float,,FARM molecule-level embedding dimension 652
feat_653,float,,FARM molecule-level embedding dimension 653
feat_654,float,,FARM molecule-level embedding dimension 654
feat_655,float,,FARM molecule-level embedding dimension 655
feat_656,float,,FARM molecule-level embedding dimension 656
feat_657,float,,FARM molecule-level embedding dimension 657
feat_658,float,,FARM molecule-level embedding dimension 658
feat_659,float,,FARM molecule-level embedding dimension 659
feat_660,float,,FARM molecule-level embedding dimension 660
feat_661,float,,FARM molecule-level embedding dimension 661
feat_662,float,,FARM molecule-level embedding dimension 662
feat_663,float,,FARM molecule-level embedding dimension 663
feat_664,float,,FARM molecule-level embedding dimension 664
feat_665,float,,FARM molecule-level embedding dimension 665
feat_666,float,,FARM molecule-level embedding dimension 666
feat_667,float,,FARM molecule-level embedding dimension 667
feat_668,float,,FARM molecule-level embedding dimension 668
feat_669,float,,FARM molecule-level embedding dimension 669
feat_670,float,,FARM molecule-level embedding dimension 670
feat_671,float,,FARM molecule-level embedding dimension 671
feat_672,float,,FARM molecule-level embedding dimension 672
feat_673,float,,FARM molecule-level embedding dimension 673
feat_674,float,,FARM molecule-level embedding dimension 674
feat_675,float,,FARM molecule-level embedding dimension 675
feat_676,float,,FARM molecule-level embedding dimension 676
feat_677,float,,FARM molecule-level embedding dimension 677
feat_678,float,,FARM molecule-level embedding dimension 678
feat_679,float,,FARM molecule-level embedding dimension 679
feat_680,float,,FARM molecule-level embedding dimension 680
feat_681,float,,FARM molecule-level embedding dimension 681
feat_682,float,,FARM molecule-level embedding dimension 682
feat_683,float,,FARM molecule-level embedding dimension 683
feat_684,float,,FARM molecule-level embedding dimension 684
feat_685,float,,FARM molecule-level embedding dimension 685
feat_686,float,,FARM molecule-level embedding dimension 686
feat_687,float,,FARM molecule-level embedding dimension 687
feat_688,float,,FARM molecule-level embedding dimension 688
feat_689,float,,FARM molecule-level embedding dimension 689
feat_690,float,,FARM molecule-level embedding dimension 690
feat_691,float,,FARM molecule-level embedding dimension 691
feat_692,float,,FARM molecule-level embedding dimension 692
feat_693,float,,FARM molecule-level embedding dimension 693
feat_694,float,,FARM molecule-level embedding dimension 694
feat_695,float,,FARM molecule-level embedding dimension 695
feat_696,float,,FARM molecule-level embedding dimension 696
feat_697,float,,FARM molecule-level embedding dimension 697
feat_698,float,,FARM molecule-level embedding dimension 698
feat_699,float,,FARM molecule-level embedding dimension 699
feat_700,float,,FARM molecule-level embedding dimension 700
feat_701,float,,FARM molecule-level embedding dimension 701
feat_702,float,,FARM molecule-level embedding dimension 702
feat_703,float,,FARM molecule-level embedding dimension 703
feat_704,float,,FARM molecule-level embedding dimension 704
feat_705,float,,FARM molecule-level embedding dimension 705
feat_706,float,,FARM molecule-level embedding dimension 706
feat_707,float,,FARM molecule-level embedding dimension 707
feat_708,float,,FARM molecule-level embedding dimension 708
feat_709,float,,FARM molecule-level embedding dimension 709
feat_710,float,,FARM molecule-level embedding dimension 710
feat_711,float,,FARM molecule-level embedding dimension 711
feat_712,float,,FARM molecule-level embedding dimension 712
feat_713,float,,FARM molecule-level embedding dimension 713
feat_714,float,,FARM molecule-level embedding dimension 714
feat_715,float,,FARM molecule-level embedding dimension 715
feat_716,float,,FARM molecule-level embedding dimension 716
feat_717,float,,FARM molecule-level embedding dimension 717
feat_718,float,,FARM molecule-level embedding dimension 718
feat_719,float,,FARM molecule-level embedding dimension 719
feat_720,float,,FARM molecule-level embedding dimension 720
feat_721,float,,FARM molecule-level embedding dimension 721
feat_722,float,,FARM molecule-level embedding dimension 722
feat_723,float,,FARM molecule-level embedding dimension 723
feat_724,float,,FARM molecule-level embedding dimension 724
feat_725,float,,FARM molecule-level embedding dimension 725
feat_726,float,,FARM molecule-level embedding dimension 726
feat_727,float,,FARM molecule-level embedding dimension 727
feat_728,float,,FARM molecule-level embedding dimension 728
feat_729,float,,FARM molecule-level embedding dimension 729
feat_730,float,,FARM molecule-level embedding dimension 730
feat_731,float,,FARM molecule-level embedding dimension 731
feat_732,float,,FARM molecule-level embedding dimension 732
feat_733,float,,FARM molecule-level embedding dimension 733
feat_734,float,,FARM molecule-level embedding dimension 734
feat_735,float,,FARM molecule-level embedding dimension 735
feat_736,float,,FARM molecule-level embedding dimension 736
feat_737,float,,FARM molecule-level embedding dimension 737
feat_738,float,,FARM molecule-level embedding dimension 738
feat_739,float,,FARM molecule-level embedding dimension 739
feat_740,float,,FARM molecule-level embedding dimension 740
feat_741,float,,FARM molecule-level embedding dimension 741
feat_742,float,,FARM molecule-level embedding dimension 742
feat_743,float,,FARM molecule-level embedding dimension 743
feat_744,float,,FARM molecule-level embedding dimension 744
feat_745,float,,FARM molecule-level embedding dimension 745
feat_746,float,,FARM molecule-level embedding dimension 746
feat_747,float,,FARM molecule-level embedding dimension 747
feat_748,float,,FARM molecule-level embedding dimension 748
feat_749,float,,FARM molecule-level embedding dimension 749
feat_750,float,,FARM molecule-level embedding dimension 750
feat_751,float,,FARM molecule-level embedding dimension 751
feat_752,float,,FARM molecule-level embedding dimension 752
feat_753,float,,FARM molecule-level embedding dimension 753
feat_754,float,,FARM molecule-level embedding dimension 754
feat_755,float,,FARM molecule-level embedding dimension 755
feat_756,float,,FARM molecule-level embedding dimension 756
feat_757,float,,FARM molecule-level embedding dimension 757
feat_758,float,,FARM molecule-level embedding dimension 758
feat_759,float,,FARM molecule-level embedding dimension 759
feat_760,float,,FARM molecule-level embedding dimension 760
feat_761,float,,FARM molecule-level embedding dimension 761
feat_762,float,,FARM molecule-level embedding dimension 762
feat_763,float,,FARM molecule-level embedding dimension 763
feat_764,float,,FARM molecule-level embedding dimension 764
feat_765,float,,FARM molecule-level embedding dimension 765
feat_766,float,,FARM molecule-level embedding dimension 766
feat_767,float,,FARM molecule-level embedding dimension 767
